id,username,password
644,test,gAAAAABfwr2a_j1prnNlt9DtMvZXaDlNRXta-NcDNOQUOgWf__ez5nrGFkahkblxkZtL6U_bDc4sAT7XGAC5Qww8eD9Wg7nC5Q==
418,karan,gAAAAABfwt2YDOUTrzk_prjM4AEr4ZZgLqUKKVq6O5V89H9SfPeBYXRxM6I91nAxzns-W7a0pIBtsoQo1u_lHT0xH4HFzrArVw==
418,karan,gAAAAABfwt2YMfuA0dW3dVFBTq73ScsBvOVBLAaYIMeYOlpFJl4JkHiyozEx6-9gApfZK0Oi8oM6tT_GbYsXBkZR2HXu3KDo_A==
5,rajni,gAAAAABfwt4aMooAmHGNGpviqiTf2TgNVAsx4pSiiKt8cl-2TLeZsVw1AzgDvPgRDI2eoSyjFAyEHHZSiH_DrwHmwu7t5tQyig==
5,rajni,gAAAAABfwt4aOWfL75JZrC_bRo3DKssVow-bTv8ewTCDzHLfctWR1-Xcw2sQTTm9OtBi5xMscnnyQjgDQOrs_I5OiaRaRObYTg==
5,rajni,gAAAAABfwt4asum7N1lrRN09WeoDxh_SvkbirbNWv9ejyfpJ7jlWvCSn2UY_-0SpmFNEY3pu-TlF7E_MjPzcspHDyy9rSOgwaw==
5,rajni,gAAAAABfwt4aKhUiKhQWsxzpkUzzK8Zr1xcRoxp8iRXv03ZwxWGs9jz_qVT3Wtn-V1-jRuxycVaGhbAnkfMXxbMiODFTwLLIZg==
1193,re,gAAAAABfxN0wkh8PkjCRRj6gGcm9HXNr-_oDvydlKLJNN8ZaZuIsFO0SE_pMtHJRbiW9rE5G5_U9YKlcJoQlVLCJkNbaS_n-bQ==
1193,re,gAAAAABfxN0w5OZuHJoIhe3G6dmOaUpPs1x4ftRPhVER4JTVZlApvM7-DeUbBrzvy8UF631kv2v1s1Y6eFkxbKPm40NMyAuj4A==
1193,re,gAAAAABfxN0wltwqLvBfW1jOQhFuEf1iG0vGMCVD7AKlQff4bzEHxRRnI6EbxMFhZSpYSAcIwmFPiDaE2WE1nfHyB9MZTN6PsA==
1193,re,gAAAAABfxN0wNwxDHH9OcsuOadHVJ8E9O3SD3eGpUquBpWVpPClCLmGBuPeYVyfBsY0Zdz8rnX8eayMfMDG_LCc9KM_cucdjFA==
1193,re,gAAAAABfxN0wrjJ_38Wqfq7-wSbRlxHVIbspOL7SIEBEpKKdQtKpvFBE0eAx8uLNP1YwH544ICvO7me5584YxYZM3CWUS1x4HQ==
1193,re,gAAAAABfxN0wTjOY9rRO4SQxpzzPiztlllpTkdYKmmTAXN4NDKmHBoPmnyd8h50t7R9cZ5TPAABiJ-qbLInI_kP7i_V5n6bm1g==
1193,re,gAAAAABfxN0wQUtWkIYDKuknVplw1pW8qKone_FsDpR8oH4P58Ek2RqCHz2YxL8Q6RdlZ9LBl-1PTUbTNNMMuCt9CXgfz72fEQ==
1193,re,gAAAAABfxN0wbfssJFmZu4GFZaHENyGTzNEMuKICJY_d5BUsFJZXdywD1c74GftZGlYmkTKAs2KbSs0l8LCVUiggrEOGgBJ_6A==
